{
  "best_model_name": "GradientBoosting",
  "best_model_roc_auc": 0.9718378954852471,
  "best_model_f1": 0.8905419766206164,
  "best_model_accuracy": 0.9313333333333333,
  "test_set_size": 3000,
  "train_set_size": 9000,
  "random_state": 42,
  "timestamp": "2025-12-23T19:52:47.892106",
  "best_params": {
    "learning_rate": 0.2,
    "max_depth": 5,
    "min_samples_split": 5,
    "n_estimators": 100,
    "subsample": 1.0
  },
  "best_cv_score": 0.9674897875961751
}