,accuracy,f1,roc_auc
Dummy,0.6766666666666666,0.0,0.5
LogisticRegression,0.8296666666666667,0.7146845337800112,0.8789091463104972
DecisionTree,0.869,0.7755568246716162,0.9055784368493219
RandomForest,0.9303333333333333,0.8865979381443299,0.9693758569905034
GradientBoosting,0.9313333333333333,0.8905419766206164,0.9718378954852471
Stacking,0.933,0.8941548183254344,0.969431212228937
