Модель,Accuracy,ROC-AUC,Precision,Recall,F1-score
Бейзлайн (Dummy),0.604,0.5,,,
Логистическая регрессия,0.6066666666666667,0.5013415984718413,0.625,0.016835016835016835,0.03278688524590164
